2026-07-11T00:25:20+0200,zaehlerstand,13531.4343,13531.4343,13531.4343,,-19801.2323,no error,1.6,3.2,4.9,3.4,1.5,3.7,3.2,4.3,3.8
1970-01-01T01:00:38+0100,zaehlerstand,44305.3433,,13531.43430,,0.0000,Rate too high - Read: 44305.3433 - Pre: 13531.4343 - Rate: 30773.9090,4.4,4.5,3.2,0.6,4.6,3.7,3.7,3.5,3.8
2026-07-11T00:38:12+0200,zaehlerstand,54447.4334,,13531.43430,,0.0000,Rate too high - Read: 54447.4334 - Pre: 13531.4343 - Rate: 40915.9991,4.9,3.9,4.6,4.5,6.9,3.9,2.9,3.5,4.4
2026-07-11T00:45:55+0200,zaehlerstand,47811.4324,,13531.43430,,0.0000,Rate too high - Read: 47811.4324 - Pre: 13531.4343 - Rate: 34279.9981,4.5,7.4,7.8,1.5,0.8,3.8,3.6,2.4,4.6
2026-07-11T00:51:24+0200,zaehlerstand,11111.4265,,13531.43430,,0.0000,Neg. Rate - Read:  - Raw: 11111.4265 - Pre: 13531.4343 ,0.8,1.2,1.1,1.0,0.8,4.1,2.7,6.4,5.2
2026-07-11T00:53:44+0200,zaehlerstand,41040.3306,,13531.43430,,0.0000,Rate too high - Read: 41040.3306 - Pre: 13531.4343 - Rate: 27508.8963,4.0,1.3,0.6,3.6,0.0,3.7,3.5,0.9,6.5
2026-07-11T00:55:11+0200,zaehlerstand,N2NNN.4434,,13531.43430,,0.0000,Neg. Rate - Read:  - Raw: N2NNN.4434 - Pre: 13531.4343 ,N,2,N,N,N,4.3,4.2,3.3,4.5
2026-07-11T00:55:34+0200,zaehlerstand,02NNN.4414,,13531.43430,,0.0000,Neg. Rate - Read:  - Raw: 02NNN.4414 - Pre: 13531.4343 ,0,2,N,N,N,4.3,4.3,1.8,4.7
2026-07-11T00:57:38+0200,zaehlerstand,NNNNN.4233,,13531.43430,,0.0000,,N,N,N,N,N,4.1,2.7,2.9,3.3
2026-07-11T00:59:15+0200,zaehlerstand,11111.3324,11111.3324,11111.3324,,-2420.1019,no error,0.8,1.2,1.1,1.0,0.6,3.7,3.2,2.1,4.9
2026-07-11T01:00:50+0200,zaehlerstand,N11N0.4335,,11111.33240,,0.0000,Neg. Rate - Read:  - Raw: N11N0.4335 - Pre: 11111.3324 ,N,1,1,N,0,4.2,3.2,3.2,6.0
2026-07-11T01:02:22+0200,zaehlerstand,92NNN.4327,,11111.33240,,0.0000,Rate too high - Read: 92111.4327 - Pre: 11111.3324 - Rate: 81000.1003,9,2,N,N,N,3.7,3.5,3.1,7.4
2026-07-11T01:04:01+0200,zaehlerstand,0NNNN.4325,,11111.33240,,0.0000,Neg. Rate - Read:  - Raw: 0NNNN.4325 - Pre: 11111.3324 ,0,N,N,N,N,3.9,3.1,2.8,5.1
2026-07-11T01:09:01+0200,zaehlerstand,0NNNN.4238,,11111.33240,,0.0000,Neg. Rate - Read:  - Raw: 0NNNN.4238 - Pre: 11111.3324 ,0,N,N,N,N,3.7,2.5,3.7,8.1
2026-07-11T01:14:01+0200,zaehlerstand,N4NNN.4323,,11111.33240,,0.0000,Rate too high - Read: 14111.4323 - Pre: 11111.3324 - Rate: 3000.0999,N,4,N,N,N,4.0,3.4,1.9,3.9
2026-07-11T01:19:01+0200,zaehlerstand,04N6N.4323,,11111.33240,,0.0000,Neg. Rate - Read:  - Raw: 04N6N.4323 - Pre: 11111.3324 ,0,4,N,6,N,4.3,3.1,2.4,4.0
2026-07-11T01:24:01+0200,zaehlerstand,02N6N.3333,,11111.33240,,0.0000,Neg. Rate - Read:  - Raw: 02N6N.3333 - Pre: 11111.3324 ,0,2,N,6,N,3.6,3.2,2.8,3.7
2026-07-11T01:29:01+0200,zaehlerstand,02NNN.4334,,11111.33240,,0.0000,Neg. Rate - Read:  - Raw: 02NNN.4334 - Pre: 11111.3324 ,0,2,N,N,N,3.8,3.3,3.3,4.7
2026-07-11T01:34:01+0200,zaehlerstand,02NN7.4325,,11111.33240,,0.0000,Neg. Rate - Read:  - Raw: 02NN7.4325 - Pre: 11111.3324 ,0,2,N,N,7,3.8,3.1,2.9,5.1
2026-07-11T01:39:01+0200,zaehlerstand,NNN1N.4336,,11111.33240,,0.0000,Rate too high - Read: 11111.4336 - Pre: 11111.3324 - Rate: 0.1012,N,N,N,1,N,4.0,3.2,3.3,6.4
2026-07-11T01:44:01+0200,zaehlerstand,24NNN.4335,,11111.33240,,0.0000,Rate too high - Read: 24111.4335 - Pre: 11111.3324 - Rate: 13000.1011,2,4,N,N,N,4.0,2.9,3.0,6.0
2026-07-11T01:49:01+0200,zaehlerstand,41NNN.4303,,11111.33240,,0.0000,Rate too high - Read: 41111.4303 - Pre: 11111.3324 - Rate: 30000.0979,4,1,N,N,N,3.7,3.0,0.6,3.9
2026-07-11T01:54:01+0200,zaehlerstand,04NNN.3325,,11111.33240,,0.0000,Neg. Rate - Read:  - Raw: 04NNN.3325 - Pre: 11111.3324 ,0,4,N,N,N,3.7,2.9,2.9,5.1
2026-07-11T01:59:01+0200,zaehlerstand,01NNN.4324,,11111.33240,,0.0000,Neg. Rate - Read:  - Raw: 01NNN.4324 - Pre: 11111.3324 ,0,1,N,N,N,4.0,3.1,2.7,4.3
2026-07-11T02:04:01+0200,zaehlerstand,N2N1N.3424,,11111.33240,,0.0000,Rate too high - Read: 12111.3424 - Pre: 11111.3324 - Rate: 1000.0100,N,2,N,1,N,4.0,4.0,3.0,4.3
2026-07-11T02:09:01+0200,zaehlerstand,04N8N.4335,,11111.33240,,0.0000,Neg. Rate - Read:  - Raw: 04N8N.4335 - Pre: 11111.3324 ,0,4,N,8,N,4.0,2.8,3.1,5.2
2026-07-11T02:14:01+0200,zaehlerstand,04NNN.4324,,11111.33240,,0.0000,Neg. Rate - Read:  - Raw: 04NNN.4324 - Pre: 11111.3324 ,0,4,N,N,N,4.7,3.6,2.9,4.3
2026-07-11T02:19:01+0200,zaehlerstand,0NNNN.4324,,11111.33240,,0.0000,Neg. Rate - Read:  - Raw: 0NNNN.4324 - Pre: 11111.3324 ,0,N,N,N,N,4.1,3.3,2.6,4.9
2026-07-11T02:24:01+0200,zaehlerstand,NNNNN.5543,,11111.33240,,0.0000,Rate too high - Read: 11111.5543 - Pre: 11111.3324 - Rate: 0.2219,N,N,N,N,N,5.5,5.1,4.6,3.6
2026-07-11T02:29:01+0200,zaehlerstand,02NNN.3334,,11111.33240,,0.0000,Neg. Rate - Read:  - Raw: 02NNN.3334 - Pre: 11111.3324 ,0,2,N,N,N,3.7,3.4,3.3,4.3
2026-07-11T02:34:01+0200,zaehlerstand,N2N6N.4336,,11111.33240,,0.0000,Rate too high - Read: 12161.4336 - Pre: 11111.3324 - Rate: 1050.1012,N,2,N,6,N,3.8,3.0,3.0,6.1
2026-07-11T02:39:01+0200,zaehlerstand,N4NNN.4334,,11111.33240,,0.0000,Rate too high - Read: 14111.4334 - Pre: 11111.3324 - Rate: 3000.1010,N,4,N,N,N,4.2,3.1,3.1,4.3
2026-07-11T02:44:01+0200,zaehlerstand,0NNNN.4336,,11111.33240,,0.0000,Neg. Rate - Read:  - Raw: 0NNNN.4336 - Pre: 11111.3324 ,0,N,N,N,N,3.9,3.2,3.5,6.9
2026-07-11T02:49:01+0200,zaehlerstand,N4NNN.4323,,11111.33240,,0.0000,Rate too high - Read: 14111.4323 - Pre: 11111.3324 - Rate: 3000.0999,N,4,N,N,N,4.4,3.2,2.1,3.9
2026-07-11T02:54:01+0200,zaehlerstand,N1NNN.4335,,11111.33240,,0.0000,Rate too high - Read: 11111.4335 - Pre: 11111.3324 - Rate: 0.1011,N,1,N,N,N,4.4,3.4,3.4,5.3
2026-07-11T02:59:01+0200,zaehlerstand,NNNNN.4334,,11111.33240,,0.0000,Rate too high - Read: 11111.4334 - Pre: 11111.3324 - Rate: 0.1010,N,N,N,N,N,4.0,2.7,3.0,4.2
2026-07-11T03:04:01+0200,zaehlerstand,NNNNN.4424,,11111.33240,,0.0000,Rate too high - Read: 11111.4424 - Pre: 11111.3324 - Rate: 0.1100,N,N,N,N,N,4.2,4.0,2.6,4.7
2026-07-11T03:09:00+0200,zaehlerstand,04NNN.4325,,11111.33240,,0.0000,Neg. Rate - Read:  - Raw: 04NNN.4325 - Pre: 11111.3324 ,0,4,N,N,N,4.1,3.7,2.6,5.1
2026-07-11T03:14:00+0200,zaehlerstand,NNNNN.4224,,11111.33240,,0.0000,Rate too high - Read: 11111.4224 - Pre: 11111.3324 - Rate: 0.0900,N,N,N,N,N,4.1,2.7,2.9,4.0
2026-07-11T03:19:00+0200,zaehlerstand,21NNN.4334,,11111.33240,,0.0000,Rate too high - Read: 21111.4334 - Pre: 11111.3324 - Rate: 10000.1010,2,1,N,N,N,4.2,3.5,3.6,4.8
2026-07-11T03:24:00+0200,zaehlerstand,N141N.3334,,11111.33240,,0.0000,Rate too high - Read: 11411.3334 - Pre: 11111.3324 - Rate: 300.0010,N,1,4,1,N,3.7,2.8,3.3,4.9
2026-07-11T03:29:00+0200,zaehlerstand,NNN6N.4334,,11111.33240,,0.0000,Rate too high - Read: 11161.4334 - Pre: 11111.3324 - Rate: 50.1010,N,N,N,6,N,4.3,3.6,3.1,4.0
2026-07-11T03:34:00+0200,zaehlerstand,04NNN.4324,,11111.33240,,0.0000,Neg. Rate - Read:  - Raw: 04NNN.4324 - Pre: 11111.3324 ,0,4,N,N,N,4.1,3.2,2.8,4.7
2026-07-11T03:39:00+0200,zaehlerstand,N1NNN.4234,,11111.33240,,0.0000,Rate too high - Read: 11111.4234 - Pre: 11111.3324 - Rate: 0.0910,N,1,N,N,N,4.1,2.6,3.3,4.0
2026-07-11T03:44:00+0200,zaehlerstand,NNN1N.4334,,11111.33240,,0.0000,Rate too high - Read: 11111.4334 - Pre: 11111.3324 - Rate: 0.1010,N,N,N,1,N,4.2,3.2,3.1,4.5
2026-07-11T03:49:00+0200,zaehlerstand,N4NNN.4324,,11111.33240,,0.0000,Rate too high - Read: 14111.4324 - Pre: 11111.3324 - Rate: 3000.1000,N,4,N,N,N,4.0,3.2,2.7,4.1
2026-07-11T03:54:00+0200,zaehlerstand,0NNNN.4335,,11111.33240,,0.0000,Neg. Rate - Read:  - Raw: 0NNNN.4335 - Pre: 11111.3324 ,0,N,N,N,N,4.3,3.3,3.1,5.6
2026-07-11T03:59:00+0200,zaehlerstand,0NN1N.4334,,11111.33240,,0.0000,Neg. Rate - Read:  - Raw: 0NN1N.4334 - Pre: 11111.3324 ,0,N,N,1,N,4.1,3.1,3.0,4.9
2026-07-11T04:04:00+0200,zaehlerstand,N1NNN.3424,11111.3424,11111.3424,0.000054,0.0100,no error,N,1,N,N,N,3.7,3.8,2.9,4.9
2026-07-11T04:09:00+0200,zaehlerstand,0NN7N.4334,,11111.3424,,0.0000,Neg. Rate - Read:  - Raw: 0NN7N.4334 - Pre: 11111.3424 ,0,N,N,7,N,3.8,3.1,3.4,4.6
2026-07-11T04:14:00+0200,zaehlerstand,04N6N.4334,,11111.3424,,0.0000,Neg. Rate - Read:  - Raw: 04N6N.4334 - Pre: 11111.3424 ,0,4,N,6,N,4.3,3.2,3.4,4.8
2026-07-11T04:19:00+0200,zaehlerstand,N1N1N.4224,,11111.3424,,0.0000,Rate too high - Read: 11111.4224 - Pre: 11111.3424 - Rate: 0.0800,N,1,N,1,N,4.3,2.5,2.3,4.8
2026-07-11T04:24:00+0200,zaehlerstand,NNNNN.4335,,11111.3424,,0.0000,Rate too high - Read: 11111.4335 - Pre: 11111.3424 - Rate: 0.0911,N,N,N,N,N,4.2,3.0,3.3,5.1
2026-07-11T04:29:00+0200,zaehlerstand,0NNNN.4325,,11111.3424,,0.0000,Neg. Rate - Read:  - Raw: 0NNNN.4325 - Pre: 11111.3424 ,0,N,N,N,N,4.3,2.9,3.0,5.7
2026-07-11T04:34:00+0200,zaehlerstand,01NNN.5325,,11111.3424,,0.0000,Neg. Rate - Read:  - Raw: 01NNN.5325 - Pre: 11111.3424 ,0,1,N,N,N,4.8,3.2,2.9,5.1
2026-07-11T04:39:00+0200,zaehlerstand,N4N1N.4334,,11111.3424,,0.0000,Rate too high - Read: 14111.4334 - Pre: 11111.3424 - Rate: 3000.0910,N,4,N,1,N,4.3,3.1,3.5,4.9
2026-07-11T04:44:00+0200,zaehlerstand,NNN8N.4324,,11111.3424,,0.0000,Rate too high - Read: 11181.4324 - Pre: 11111.3424 - Rate: 70.0900,N,N,N,8,N,3.9,2.8,2.8,4.8
2026-07-11T04:49:00+0200,zaehlerstand,0NN1N.3314,,11111.3424,,0.0000,Neg. Rate - Read:  - Raw: 0NN1N.3314 - Pre: 11111.3424 ,0,N,N,1,N,3.3,3.0,1.8,4.5
2026-07-11T04:54:00+0200,zaehlerstand,NNNNN.4325,,11111.3424,,0.0000,Rate too high - Read: 11111.4325 - Pre: 11111.3424 - Rate: 0.0901,N,N,N,N,N,4.5,2.8,2.4,5.1
2026-07-11T04:59:00+0200,zaehlerstand,NNN1N.4234,,11111.3424,,0.0000,Rate too high - Read: 11111.4234 - Pre: 11111.3424 - Rate: 0.0810,N,N,N,1,N,4.3,2.6,3.3,4.2
2026-07-11T05:04:00+0200,zaehlerstand,22N1N.4334,,11111.3424,,0.0000,Rate too high - Read: 22111.4334 - Pre: 11111.3424 - Rate: 11000.0910,2,2,N,1,N,3.8,2.9,3.2,4.5
2026-07-11T05:09:00+0200,zaehlerstand,0NNNN.4224,,11111.3424,,0.0000,Neg. Rate - Read:  - Raw: 0NNNN.4224 - Pre: 11111.3424 ,0,N,N,N,N,3.7,2.4,3.0,4.8
2026-07-11T05:14:00+0200,zaehlerstand,NNNNN.4335,,11111.3424,,0.0000,Rate too high - Read: 11111.4335 - Pre: 11111.3424 - Rate: 0.0911,N,N,N,N,N,3.9,2.9,3.4,5.6
2026-07-11T05:19:00+0200,zaehlerstand,NNN1N.4324,,11111.3424,,0.0000,Rate too high - Read: 11111.4324 - Pre: 11111.3424 - Rate: 0.0900,N,N,N,1,N,4.5,2.8,2.8,4.7
2026-07-11T05:24:00+0200,zaehlerstand,N1N3N.4334,,11111.3424,,0.0000,Rate too high - Read: 11131.4334 - Pre: 11111.3424 - Rate: 20.0910,N,1,N,3,N,3.8,3.6,3.5,4.9
2026-07-11T05:29:00+0200,zaehlerstand,N4N1N.4324,,11111.3424,,0.0000,Rate too high - Read: 14111.4324 - Pre: 11111.3424 - Rate: 3000.0900,N,4,N,1,N,3.7,3.3,3.0,4.5
2026-07-11T05:34:00+0200,zaehlerstand,01NNN.4424,,11111.3424,,0.0000,Neg. Rate - Read:  - Raw: 01NNN.4424 - Pre: 11111.3424 ,0,1,N,N,N,4.2,3.7,2.8,4.2
2026-07-11T05:39:00+0200,zaehlerstand,N113N.4325,,11111.3424,,0.0000,Rate too high - Read: 11131.4325 - Pre: 11111.3424 - Rate: 20.0901,N,1,1,3,N,4.2,2.7,2.1,5.4
2026-07-11T05:42:32+0200,zaehlerstand,00487.4435,487.4435,487.4435,,-10623.8989,no error,0,0,4,8,7,4.1,4.0,3.1,5.4
2026-07-11T05:44:41+0200,zaehlerstand,00N3N.4316,,487.44350,,0.0000,Neg. Rate - Read:  - Raw: 00N3N.4316 - Pre: 487.4435 ,0,0,N,3,N,3.8,2.8,1.6,6.2
2026-07-11T05:46:01+0200,zaehlerstand,00770.4215,,487.44350,,0.0000,Rate too high - Read: 770.4215 - Pre: 487.4435 - Rate: 282.9780,0.0,9.9,7.0,6.8,0.0,3.7,2.3,1.7,5.6
2026-07-11T05:47:03+0200,zaehlerstand,30110.4317,,487.44350,,0.0000,Rate too high - Read: 30110.4317 - Pre: 487.4435 - Rate: 29622.9882,3.5,0.1,1.1,0.6,0.5,4.0,2.9,1.6,7.1
2026-07-11T05:48:12+0200,zaehlerstand,008NN.4414,,487.44350,,0.0000,Rate too high - Read: 887.4414 - Pre: 487.4435 - Rate: 399.9979,0,0,8,N,N,4.1,4.4,1.2,4.7
2026-07-11T05:49:44+0200,zaehlerstand,01170.3325,,487.44350,,0.0000,Rate too high - Read: 1170.3325 - Pre: 487.4435 - Rate: 682.8890,0.0,0.9,0.9,6.8,0.0,3.5,3.5,2.1,5.4
2026-07-11T05:50:43+0200,zaehlerstand,00071.4425,,487.44350,,0.0000,Neg. Rate - Read:  - Raw: 00071.4425 - Pre: 487.4435 ,0.0,0.0,0.0,6.8,0.7,4.0,4.1,2.1,5.6
2026-07-11T05:51:40+0200,zaehlerstand,00110.5335,,487.44350,,0.0000,Neg. Rate - Read:  - Raw: 00110.5335 - Pre: 487.4435 ,0.1,9.9,0.9,0.7,0.0,4.8,3.7,3.6,5.0
2026-07-11T05:52:42+0200,zaehlerstand,001NN.4425,,487.44350,,0.0000,Neg. Rate - Read:  - Raw: 001NN.4425 - Pre: 487.4435 ,0,0,1,N,N,4.1,4.3,3.0,5.2
2026-07-11T05:53:38+0200,zaehlerstand,004NN.3424,,487.44350,,0.0000,Neg. Rate - Read:  - Raw: 004NN.3424 - Pre: 487.4435 ,0,0,4,N,N,3.9,4.1,2.5,4.7
2026-07-11T05:54:38+0200,zaehlerstand,0044N.4345,,487.44350,,0.0000,Neg. Rate - Read:  - Raw: 0044N.4345 - Pre: 487.4435 ,0,0,4,4,N,4.1,4.0,4.1,5.7
2026-07-11T05:55:38+0200,zaehlerstand,00110.3435,,487.44350,,0.0000,Neg. Rate - Read:  - Raw: 00110.3435 - Pre: 487.4435 ,0.1,0.3,1.2,1.1,9.7,3.5,4.3,3.2,5.4
2026-07-11T05:56:47+0200,zaehlerstand,00110.4345,,487.44350,,0.0000,Neg. Rate - Read:  - Raw: 00110.4345 - Pre: 487.4435 ,0.1,0.4,1.1,0.9,9.7,3.7,3.8,4.2,5.4
2026-07-11T05:57:58+0200,zaehlerstand,00475.3526,,487.44350,,0.0000,Neg. Rate - Read:  - Raw: 00475.3526 - Pre: 487.4435 ,10.0,0.2,4.4,7.3,5.6,3.8,4.9,2.7,6.5
2026-07-11T05:59:08+0200,zaehlerstand,00010.2425,,487.44350,,0.0000,Neg. Rate - Read:  - Raw: 00010.2425 - Pre: 487.4435 ,0.0,9.9,0.6,0.9,9.8,2.8,3.9,2.6,5.7
2026-07-11T06:00:07+0200,zaehlerstand,00811.3426,,487.44350,,0.0000,Rate too high - Read: 811.3426 - Pre: 487.4435 - Rate: 323.8991,9.9,10.0,7.9,0.8,0.6,3.8,3.8,2.5,6.9
2026-07-11T06:02:09+0200,zaehlerstand,90N1N.4415,,487.44350,,0.0000,Rate too high - Read: 90417.4415 - Pre: 487.4435 - Rate: 89929.9980,9,0,N,1,N,4.5,4.0,1.2,5.2
2026-07-11T06:03:33+0200,zaehlerstand,40N8N.4424,,487.44350,,0.0000,Rate too high - Read: 40487.4424 - Pre: 487.4435 - Rate: 39999.9989,4,0,N,8,N,4.7,3.8,2.5,4.3
2026-07-11T06:07:20+0200,zaehlerstand,90N8N.4333,,487.44350,,0.0000,Rate too high - Read: 90487.4333 - Pre: 487.4435 - Rate: 89999.9898,9,0,N,8,N,4.0,3.7,2.9,3.4
2026-07-11T06:10:15+0200,zaehlerstand,N11NN.3423,,487.44350,,0.0000,Rate too high - Read: 1187.3423 - Pre: 487.4435 - Rate: 699.8988,N,1,1,N,N,3.6,4.6,2.5,4.0
2026-07-11T06:18:19+0200,zaehlerstand,NN1NN.4433,,487.44350,,0.0000,,N,N,1,N,N,4.1,4.5,3.7,3.9
2026-07-11T04:22:29+0000,zaehlerstand,41N17.3414,,487.44350,,0.0000,Rate too high - Read: 41417.3414 - Pre: 487.4435 - Rate: 40929.8979,4,1,N,1,7,3.9,4.4,2.0,4.4
2026-07-11T04:24:31+0000,zaehlerstand,41144.4434,,487.44350,,0.0000,Rate too high - Read: 41144.4434 - Pre: 487.4435 - Rate: 40656.9999,4,1,1,4,4,4.4,3.8,3.9,4.6
2026-07-11T04:28:00+0000,zaehlerstand,4111N.3434,,487.44350,,0.0000,Rate too high - Read: 41117.3434 - Pre: 487.4435 - Rate: 40629.8999,4,1,1,1,N,3.7,4.1,3.5,4.1
2026-07-11T04:31:10+0000,zaehlerstand,4114N.4444,,487.44350,,0.0000,Rate too high - Read: 41147.4444 - Pre: 487.4435 - Rate: 40660.0009,4,1,1,4,N,4.6,4.7,4.1,4.6
2026-07-11T04:33:18+0000,zaehlerstand,0098N.9198,,487.44350,,0.0000,Rate too high - Read: 987.9198 - Pre: 487.4435 - Rate: 500.4763,0,0,9,8,N,9.5,1.4,0.0,8.5
2026-07-11T04:35:08+0000,zaehlerstand,09941.2298,,487.44350,,0.0000,Rate too high - Read: 9941.2298 - Pre: 487.4435 - Rate: 9453.7863,0,9,9,4,1,1.8,3.0,9.6,8.8
2026-07-11T04:39:18+0000,zaehlerstand,01N4N.5466,,487.44350,,0.0000,Rate too high - Read: 1447.5466 - Pre: 487.4435 - Rate: 960.1031,0,1,N,4,N,5.2,4.5,6.0,6.4
2026-07-11T04:41:12+0000,zaehlerstand,00N4N.4456,,487.44350,,0.0000,Neg. Rate - Read:  - Raw: 00N4N.4456 - Pre: 487.4435 ,0,0,N,4,N,4.8,4.7,5.5,6.9
2026-07-11T04:44:57+0000,zaehlerstand,0828N.6456,,487.44350,,0.0000,Rate too high - Read: 8287.6456 - Pre: 487.4435 - Rate: 7800.2021,0,8,2,8,N,6.5,4.2,5.5,6.6
2026-07-11T04:47:38+0000,zaehlerstand,1003N.2466,,487.44350,,0.0000,Rate too high - Read: 10037.2466 - Pre: 487.4435 - Rate: 9549.8031,1,0,0,3,N,2.0,4.6,6.8,6.6
2026-07-11T04:49:55+0000,zaehlerstand,10087.6476,,487.44350,,0.0000,Rate too high - Read: 10087.6476 - Pre: 487.4435 - Rate: 9600.2041,1,0,0,8,7,6.7,4.4,7.2,7.0
2026-07-11T04:54:28+0000,zaehlerstand,NNN4N.1278,,487.44350,,0.0000,Neg. Rate - Read:  - Raw: NNN4N.1278 - Pre: 487.4435 ,N,N,N,4,N,1.0,3.0,7.6,8.2
2026-07-11T04:55:06+0000,zaehlerstand,NNNNN.0780,,487.44350,,0.0000,Neg. Rate - Read:  - Raw: NNNNN.0780 - Pre: 487.4435 ,N,N,N,N,N,0.6,7.4,7.9,0.1
2026-07-11T04:57:05+0000,zaehlerstand,409NN.1978,,487.44350,,0.0000,Rate too high - Read: 40987.1978 - Pre: 487.4435 - Rate: 40499.7543,4,0,9,N,N,2.0,9.6,7.3,8.1
2026-07-11T04:57:44+0000,zaehlerstand,0090N.1077,,487.44350,,0.0000,Rate too high - Read: 907.1077 - Pre: 487.4435 - Rate: 419.6642,0,0,9,0,N,1.1,1.3,7.9,7.9
2026-07-11T05:00:01+0000,zaehlerstand,00904.1179,,487.44350,,0.0000,Rate too high - Read: 904.1179 - Pre: 487.4435 - Rate: 416.6744,0,0,9,0,4,1.2,1.6,8.0,9.4
2026-07-11T05:01:21+0000,zaehlerstand,009NN.1977,,487.44350,,0.0000,Rate too high - Read: 987.1977 - Pre: 487.4435 - Rate: 499.7542,0,0,9,N,N,1.4,9.5,7.7,7.6
2026-07-11T05:01:59+0000,zaehlerstand,00990.0167,,487.44350,,0.0000,Rate too high - Read: 990.0167 - Pre: 487.4435 - Rate: 502.5732,0,0,9,9,0,0.0,1.4,7.3,7.7
2026-07-11T05:04:11+0000,zaehlerstand,0000N.3277,,487.44350,,0.0000,Neg. Rate - Read:  - Raw: 0000N.3277 - Pre: 487.4435 ,0,0,0,0,N,3.0,2.9,8.0,7.3
2026-07-11T05:04:52+0000,zaehlerstand,0025N.9277,,487.44350,,0.0000,Neg. Rate - Read:  - Raw: 0025N.9277 - Pre: 487.4435 ,0,0,2,5,N,9.6,3.1,7.9,7.7
2026-07-11T05:07:04+0000,zaehlerstand,40N5N.0367,,487.44350,,0.0000,Rate too high - Read: 40457.0367 - Pre: 487.4435 - Rate: 39969.5932,4,0,N,5,N,0.7,3.4,7.0,7.6
2026-07-11T05:07:48+0000,zaehlerstand,0009N.8177,,487.44350,,0.0000,Neg. Rate - Read:  - Raw: 0009N.8177 - Pre: 487.4435 ,0,0,0,9,N,8.3,1.4,7.7,7.6
2026-07-11T05:10:36+0000,zaehlerstand,1000N.1268,,487.44350,,0.0000,Rate too high - Read: 10007.1268 - Pre: 487.4435 - Rate: 9519.6833,1,0,0,0,N,1.1,2.1,6.9,8.0
2026-07-11T05:11:18+0000,zaehlerstand,00N0N.1077,,487.44350,,0.0000,Neg. Rate - Read:  - Raw: 00N0N.1077 - Pre: 487.4435 ,0,0,N,0,N,1.3,1.2,7.7,7.4
2026-07-11T05:13:36+0000,zaehlerstand,0NN0N.2277,,487.44350,,0.0000,Neg. Rate - Read:  - Raw: 0NN0N.2277 - Pre: 487.4435 ,0,N,N,0,N,2.0,3.2,7.4,7.7
2026-07-11T05:14:17+0000,zaehlerstand,00NNN.1278,,487.44350,,0.0000,Neg. Rate - Read:  - Raw: 00NNN.1278 - Pre: 487.4435 ,0,0,N,N,N,1.4,2.9,7.7,8.3
2026-07-11T05:17:33+0000,zaehlerstand,0099N.9982,,487.44350,,0.0000,Rate too high - Read: 997.9982 - Pre: 487.4435 - Rate: 510.5547,0,0,9,9,N,0.1,0.0,8.3,2.8
2026-07-11T05:18:30+0000,zaehlerstand,0043N.0887,,487.44350,,0.0000,Neg. Rate - Read:  - Raw: 0043N.0887 - Pre: 487.4435 ,0,0,4,3,N,0.4,8.8,8.7,7.6
2026-07-11T05:20:33+0000,zaehlerstand,.1297,,487.44350,,0.0000,Neg. Rate - Read:  - Raw: .1297 - Pre: 487.4435 ,1.2,3.2,9.3,7.5
2026-07-11T05:21:36+0000,zaehlerstand,.2277,,487.44350,,0.0000,Neg. Rate - Read:  - Raw: .2277 - Pre: 487.4435 ,2.1,2.3,8.3,7.4
2026-07-11T05:23:38+0000,zaehlerstand,00451.1287,,487.44350,,0.0000,Neg. Rate - Read:  - Raw: 00451.1287 - Pre: 487.4435 ,0.0,0.1,3.8,5.1,0.6,1.3,2.6,8.7,7.7
2026-07-11T05:24:38+0000,zaehlerstand,00151.4287,,487.44350,,0.0000,Neg. Rate - Read:  - Raw: 00151.4287 - Pre: 487.4435 ,0.1,0.1,1.4,5.1,0.6,4.7,2.7,9.0,8.0
2026-07-11T05:27:17+0000,zaehlerstand,00058.2097,,487.44350,,0.0000,Neg. Rate - Read:  - Raw: 00058.2097 - Pre: 487.4435 ,0.1,0.0,0.4,5.0,8.2,2.0,1.1,9.8,7.9
2026-07-11T05:28:10+0000,zaehlerstand,00058.1787,,487.44350,,0.0000,Neg. Rate - Read:  - Raw: 00058.1787 - Pre: 487.4435 ,0.1,0.1,0.2,5.1,8.0,1.6,7.8,9.1,7.5
2026-07-11T05:33:10+0000,zaehlerstand,00050.7496,,487.44350,,0.0000,Neg. Rate - Read:  - Raw: 00050.7496 - Pre: 487.4435 ,0.0,0.1,0.3,4.9,9.9,7.4,4.3,9.4,6.3
2026-07-11T05:34:44+0000,zaehlerstand,00058.2296,,487.44350,,0.0000,Neg. Rate - Read:  - Raw: 00058.2296 - Pre: 487.4435 ,0.0,0.5,0.2,5.0,8.4,1.8,3.1,9.3,6.0
2026-07-11T05:35:43+0000,zaehlerstand,00458.5896,,487.44350,,0.0000,Neg. Rate - Read:  - Raw: 00458.5896 - Pre: 487.4435 ,0.1,9.8,4.1,5.1,8.2,6.0,9.3,9.8,6.5
2026-07-11T05:38:37+0000,zaehlerstand,00893.1296,,487.44350,,0.0000,Rate too high - Read: 893.1296 - Pre: 487.4435 - Rate: 405.6861,0.1,0.4,7.9,9.0,2.9,1.6,2.4,9.5,6.2
2026-07-11T05:39:33+0000,zaehlerstand,01091.2296,,487.44350,,0.0000,Rate too high - Read: 1091.2296 - Pre: 487.4435 - Rate: 603.7861,0.1,0.6,0.2,9.2,1.5,2.5,2.7,9.3,6.3
2026-07-11T05:42:21+0000,zaehlerstand,11053.2395,,487.44350,,0.0000,Rate too high - Read: 11053.2395 - Pre: 487.4435 - Rate: 10565.7960,0.8,0.6,0.6,5.1,2.9,1.8,3.9,9.8,5.5
2026-07-11T05:42:53+0000,zaehlerstand,10053.1395,,487.44350,,0.0000,Rate too high - Read: 10053.1395 - Pre: 487.4435 - Rate: 9565.6960,0.9,0.4,0.1,5.1,2.9,1.2,3.9,9.8,5.2
2026-07-11T05:45:31+0000,zaehlerstand,00453.1394,,487.44350,,0.0000,Neg. Rate - Read:  - Raw: 00453.1394 - Pre: 487.4435 ,0.2,0.1,4.2,5.1,2.9,1.1,4.0,9.5,4.7
2026-07-11T05:46:07+0000,zaehlerstand,00453.1303,,487.44350,,0.0000,Neg. Rate - Read:  - Raw: 00453.1303 - Pre: 487.4435 ,0.2,0.2,4.1,5.1,3.1,0.9,3.7,9.8,3.1
2026-07-11T05:48:11+0000,zaehlerstand,01053.1403,,487.44350,,0.0000,Rate too high - Read: 1053.1403 - Pre: 487.4435 - Rate: 565.6968,0.4,0.9,0.2,5.0,2.9,1.7,4.2,0.6,3.9
2026-07-11T05:49:52+0000,zaehlerstand,00059.2404,,487.44350,,0.0000,Neg. Rate - Read:  - Raw: 00059.2404 - Pre: 487.4435 ,0.1,0.2,0.6,5.1,8.9,2.1,3.7,0.6,4.1
2026-07-11T05:50:22+0000,zaehlerstand,00451.1404,,487.44350,,0.0000,Neg. Rate - Read:  - Raw: 00451.1404 - Pre: 487.4435 ,10.0,0.2,4.1,5.0,0.8,1.3,4.2,0.0,4.4
2026-07-11T05:53:07+0000,zaehlerstand,00058.1404,,487.44350,,0.0000,Neg. Rate - Read:  - Raw: 00058.1404 - Pre: 487.4435 ,0.1,0.5,0.4,5.1,8.5,1.3,3.8,0.7,4.1
2026-07-11T05:53:37+0000,zaehlerstand,00458.7404,,487.44350,,0.0000,Neg. Rate - Read:  - Raw: 00458.7404 - Pre: 487.4435 ,0.2,0.4,3.9,5.1,8.1,7.7,4.0,0.7,4.0
2026-07-11T05:55:57+0000,zaehlerstand,01393.1404,,487.44350,,0.0000,Rate too high - Read: 1393.1404 - Pre: 487.4435 - Rate: 905.6969,0.6,0.8,3.4,9.2,3.1,1.4,4.1,0.4,4.3
2026-07-11T05:57:38+0000,zaehlerstand,00054.1404,,487.44350,,0.0000,Neg. Rate - Read:  - Raw: 00054.1404 - Pre: 487.4435 ,0.1,0.4,0.5,4.9,4.1,1.5,4.4,0.5,4.0
2026-07-11T05:58:26+0000,zaehlerstand,00491.1413,,487.44350,,0.0000,Rate too high - Read: 491.1413 - Pre: 487.4435 - Rate: 3.6978,0.1,0.4,3.8,9.0,1.2,1.5,4.2,0.7,3.7
2026-07-11T06:00:38+0000,zaehlerstand,10458.1503,,487.44350,,0.0000,Rate too high - Read: 10458.1503 - Pre: 487.4435 - Rate: 9970.7068,0.8,0.2,3.9,5.1,8.1,2.0,5.2,0.5,3.5
2026-07-11T06:01:32+0000,zaehlerstand,10999.1404,,487.44350,,0.0000,Rate too high - Read: 10999.1404 - Pre: 487.4435 - Rate: 10511.6969,0.8,0.5,9.6,9.1,8.8,1.1,4.4,0.9,4.3
2026-07-11T06:05:33+0000,zaehlerstand,00459.1414,,487.44350,,0.0000,Neg. Rate - Read:  - Raw: 00459.1414 - Pre: 487.4435 ,0.1,0.2,3.9,4.9,8.8,1.2,4.0,1.4,4.2
2026-07-11T06:06:09+0000,zaehlerstand,01049.1513,,487.44350,,0.0000,Rate too high - Read: 1049.1513 - Pre: 487.4435 - Rate: 561.7078,0.1,0.6,0.5,4.8,9.4,1.4,4.8,1.3,3.8
2026-07-11T06:11:09+0000,zaehlerstand,00438.0414,,487.44350,,0.0000,Neg. Rate - Read:  - Raw: 00438.0414 - Pre: 487.4435 ,0.1,0.2,3.8,3.4,8.1,0.8,4.3,1.1,4.1
2026-07-11T06:14:15+0000,zaehlerstand,00458.2414,458.2414,458.2414,,-29.2021,no error,0.2,0.4,4.0,5.1,8.5,2.6,4.3,1.4,4.3
2026-07-11T06:19:15+0000,zaehlerstand,10358.1413,,458.2414,,0.0000,Rate too high - Read: 10358.1413 - Pre: 458.2414 - Rate: 9899.8999,0.6,0.2,3.6,5.0,8.2,1.6,4.0,1.5,3.3
2026-07-11T06:24:15+0000,zaehlerstand,00059.0413,,458.2414,,0.0000,Neg. Rate - Read:  - Raw: 00059.0413 - Pre: 458.2414 ,0.1,0.4,0.4,5.0,8.8,0.9,4.3,1.4,3.0
2026-07-11T06:29:15+0000,zaehlerstand,00058.1413,,458.2414,,0.0000,Neg. Rate - Read:  - Raw: 00058.1413 - Pre: 458.2414 ,0.2,0.4,0.5,5.1,8.4,1.4,3.9,1.2,3.7
2026-07-11T06:34:54+0000,zaehlerstand,00158.1414,,458.24140,,0.0000,Neg. Rate - Read:  - Raw: 00158.1414 - Pre: 458.2414 ,0.2,0.2,1.2,5.0,8.4,1.6,3.9,1.3,4.5
2026-07-11T06:37:41+0000,zaehlerstand,00058.1414,,458.24140,,0.0000,Neg. Rate - Read:  - Raw: 00058.1414 - Pre: 458.2414 ,0.4,0.4,0.2,5.0,8.4,1.2,3.8,1.3,4.2
2026-07-11T06:42:41+0000,zaehlerstand,00058.1424,,458.24140,,0.0000,Neg. Rate - Read:  - Raw: 00058.1424 - Pre: 458.2414 ,0.1,0.2,0.5,5.1,8.4,1.2,4.3,2.4,4.1
2026-07-11T06:47:41+0000,zaehlerstand,00058.1424,,458.24140,,0.0000,Neg. Rate - Read:  - Raw: 00058.1424 - Pre: 458.2414 ,9.9,0.4,0.2,5.0,8.2,1.9,4.1,2.8,4.1
2026-07-11T06:52:41+0000,zaehlerstand,00452.2324,,458.24140,,0.0000,Neg. Rate - Read:  - Raw: 00452.2324 - Pre: 458.2414 ,0.2,9.9,3.8,5.0,1.6,1.8,3.5,2.4,4.3
2026-07-11T06:57:41+0000,zaehlerstand,00159.1424,,458.24140,,0.0000,Neg. Rate - Read:  - Raw: 00159.1424 - Pre: 458.2414 ,0.2,0.4,0.8,5.1,8.8,1.9,4.2,2.5,4.3
2026-07-11T07:00:42+0000,zaehlerstand,00858.1424,858.1424,858.1424,,399.9010,no error,0.1,0.1,7.9,5.1,8.5,1.4,4.0,2.4,4.0
2026-07-11T07:01:12+0000,zaehlerstand,00058.1424,,858.1424,,0.0000,Neg. Rate - Read:  - Raw: 00058.1424 - Pre: 858.1424 ,0.1,0.1,0.2,5.1,8.4,1.2,4.0,2.3,4.3
2026-07-11T07:02:05+0000,zaehlerstand,00059.1424,,58.142400,,0.0000,Rate too high - Read: 59.1424 - Pre: 58.1424 - Rate: 1.0000,0.1,0.1,0.4,5.0,8.8,1.3,4.1,2.3,4.0
2026-07-11T07:04:32+0000,zaehlerstand,000NN.1423,58.1424,58.1424,0.000000,0.0000,no error,0,0,0,N,N,1.4,4.2,2.2,3.9
2026-07-11T07:06:07+0000,zaehlerstand,00059.1324,,58.14240,,0.0000,Rate too high - Read: 59.1324 - Pre: 58.1424 - Rate: 0.9900,9.8,0.1,0.1,5.1,8.6,1.1,3.3,2.3,4.3
2026-07-11T07:07:26+0000,zaehlerstand,00058.1424,58.1424,58.1424,0.000000,0.0000,no error,0.2,0.3,0.4,5.2,8.6,1.2,4.0,2.2,4.4
2026-07-11T07:08:46+0000,zaehlerstand,00058.1424,58.1424,58.1424,0.000000,0.0000,no error,0.1,0.1,0.1,5.1,8.5,1.3,4.1,2.3,4.0
2026-07-11T07:10:14+0000,zaehlerstand,00059.1424,,58.14240,,0.0000,Rate too high - Read: 59.1424 - Pre: 58.1424 - Rate: 1.0000,0.2,0.2,0.4,5.1,8.9,1.3,4.0,2.2,4.4
2026-07-11T07:12:12+0000,zaehlerstand,NNNNN.1424,58.1425,58.1425,-0.000000,0.0000,no error,-1.0,-1.0,-1.0,-1.0,-1.0,1.3,3.9,2.2,4.5
2026-07-11T07:13:53+0000,zaehlerstand,00058.1424,58.1425,58.1425,0.000000,0.0000,no error,0.2,0.4,0.1,5.1,8.5,1.2,3.9,2.3,4.2
2026-07-11T07:15:11+0000,zaehlerstand,00059.1424,,58.1425,,0.0000,Rate too high - Read: 59.1424 - Pre: 58.1425 - Rate: 0.9999,0.3,0.4,0.1,5.2,8.7,1.0,3.9,2.3,4.2
2026-07-11T07:17:04+0000,zaehlerstand,00058.1424,58.1425,58.1425,0.000000,0.0000,no error,0.1,0.1,0.0,5.1,8.1,1.4,3.9,2.2,4.2
2026-07-11T07:17:53+0000,zaehlerstand,00058.1424,58.1425,58.1425,0.000000,0.0000,no error,0.3,9.8,0.2,5.1,8.2,1.2,4.0,2.2,4.1
2026-07-11T07:18:33+0000,zaehlerstand,00058.1423,58.1425,58.1425,0.000000,0.0000,no error,0.0,0.2,0.1,5.1,8.1,1.3,4.1,2.4,3.8
2026-07-11T07:22:46+0000,zaehlerstand,00058.1423,58.1425,58.1425,0.000000,0.0000,no error,0.3,0.1,0.2,5.2,8.3,1.3,4.1,2.3,3.9
2026-07-11T07:23:17+0000,zaehlerstand,00058.1424,58.1425,58.1425,0.000000,0.0000,no error,0.3,0.2,0.3,5.2,8.4,1.3,4.2,2.2,4.2
2026-07-11T07:26:48+0000,zaehlerstand,00058.1493,58.1493,58.1493,0.001934,0.0068,no error,0.4,9.9,0.3,5.2,8.2,1.2,4.6,9.1,3.6
2026-07-11T07:27:29+0000,zaehlerstand,00058.1493,58.1493,58.1493,0.000000,0.0000,no error,0.4,0.1,0.1,5.1,8.4,1.2,4.8,9.1,3.5
2026-07-11T07:30:01+0000,zaehlerstand,00058.1493,58.1493,58.1493,0.000000,0.0000,no error,0.2,0.1,0.2,5.1,8.3,1.3,4.7,9.1,3.9
2026-07-11T07:30:32+0000,zaehlerstand,00059.1493,,58.1493,,0.0000,Rate too high - Read: 59.1493 - Pre: 58.1493 - Rate: 1.0000,0.1,9.9,0.2,5.3,8.6,1.5,4.6,8.9,3.8
2026-07-11T07:33:20+0000,zaehlerstand,00059.1493,,58.142500,,0.0000,Rate too high - Read: 59.1493 - Pre: 58.1425 - Rate: 1.0068,0.1,0.3,0.2,5.2,8.6,1.3,5.0,9.1,3.4
2026-07-11T07:34:19+0000,zaehlerstand,10058.1493,,58.142500,,0.0000,Rate too high - Read: 10058.1493 - Pre: 58.1425 - Rate: 10000.0068,0.6,0.1,0.2,5.2,8.3,1.3,4.9,9.0,3.5
2026-07-11T07:36:30+0000,zaehlerstand,00058.1493,58.1493,58.1493,-0.408000,0.0068,no error,0.0,0.1,0.5,5.1,8.0,1.4,5.0,9.0,3.8
2026-07-11T07:37:27+0000,zaehlerstand,00058.1493,58.1493,58.1493,0.000000,0.0000,no error,0.1,0.1,0.3,5.1,8.0,1.3,4.7,9.0,3.6
2026-07-11T07:38:13+0000,zaehlerstand,00058.1493,58.1493,58.1493,0.000000,0.0000,no error,0.1,0.2,0.3,5.1,8.2,1.3,4.8,9.0,3.6
2026-07-11T07:40:42+0000,zaehlerstand,00058.1493,58.1493,58.1493,0.000000,0.0000,no error,0.1,0.1,0.2,5.1,8.0,1.3,5.1,9.3,3.8
2026-07-11T07:41:14+0000,zaehlerstand,00058.1493,58.1493,58.1493,0.037091,0.0068,no error,0.0,0.1,0.2,5.1,8.1,1.3,4.8,9.0,3.6
2026-07-11T07:43:40+0000,zaehlerstand,00158.1443,,58.14930,,0.0000,Rate too high - Read: 158.1443 - Pre: 58.1493 - Rate: 99.9950,0.3,0.5,1.2,5.1,8.0,1.2,4.7,4.1,4.0
2026-07-11T07:44:11+0000,zaehlerstand,00158.1443,,58.14930,,0.0000,Rate too high - Read: 158.1443 - Pre: 58.1493 - Rate: 99.9950,0.1,0.6,1.1,5.1,8.0,1.1,4.7,4.1,3.9
2026-07-11T07:46:23+0000,zaehlerstand,00058.1443,58.1443,58.1443,0.108000,0.0018,no error,10.0,0.0,0.4,5.1,8.0,1.3,4.5,4.1,3.8
2026-07-11T07:46:54+0000,zaehlerstand,00058.1443,58.1443,58.1443,0.000000,0.0000,no error,10.0,0.0,0.3,5.1,8.0,1.4,4.7,4.1,3.8
2026-07-11T07:48:58+0000,zaehlerstand,00058.1443,58.1443,58.1443,0.000000,0.0000,no error,0.0,0.0,0.3,5.1,8.0,1.3,4.7,4.2,3.9
2026-07-11T07:51:39+0000,zaehlerstand,00058.1443,58.1443,58.1443,0.108000,0.0018,no error,0.0,0.2,0.1,5.2,8.0,1.2,4.7,4.2,3.9
2026-07-11T07:52:34+0000,zaehlerstand,00058.1443,58.1443,58.1443,0.000000,0.0000,no error,10.0,0.1,0.1,5.2,8.1,1.2,4.8,4.4,3.9
2026-07-11T07:54:37+0000,zaehlerstand,00058.1443,58.1443,58.1443,0.108000,0.0018,no error,10.0,0.1,0.1,5.2,8.0,1.2,4.7,4.1,3.9
2026-07-11T07:59:37+0000,zaehlerstand,00038.0444,,58.1443,,0.0000,Neg. Rate - Read:  - Raw: 00038.0444 - Pre: 58.1443 ,0.0,0.1,0.1,2.9,8.0,0.7,4.8,4.1,4.2
2026-07-11T08:04:37+0000,zaehlerstand,00058.1444,58.1443,58.1443,0.000000,0.0000,no error,0.0,0.0,0.4,5.2,8.0,1.2,4.9,4.1,4.0
2026-07-11T08:10:18+0000,zaehlerstand,00038.1443,,58.142500,,0.0000,Neg. Rate - Read:  - Raw: 00038.1443 - Pre: 58.1425 ,0.0,0.1,0.1,3.1,8.0,1.2,4.6,4.5,3.9
2026-07-11T08:13:31+0000,zaehlerstand,00058.1443,58.1443,58.1443,-0.015429,0.0018,no error,0.0,0.3,0.2,5.2,8.0,1.3,4.9,4.5,3.4
2026-07-11T08:15:38+0000,zaehlerstand,00058.1443,58.1443,58.1443,0.000000,0.0000,no error,0.0,0.1,0.1,5.1,8.1,1.4,4.8,4.6,3.8
2026-07-11T08:16:10+0000,zaehlerstand,01058.1444,,58.1443,,0.0000,Rate too high - Read: 1058.1444 - Pre: 58.1443 - Rate: 1000.0001,0.0,0.6,0.5,5.1,8.0,1.4,4.8,4.7,5.0
2026-07-11T08:18:20+0000,zaehlerstand,00058.1442,58.1442,58.1442,inf,0.0017,no error,0.0,10.0,0.0,5.1,8.0,1.4,4.8,4.7,2.9
2026-07-11T08:19:15+0000,zaehlerstand,00053.1444,,58.1442,,0.0000,Neg. Rate - Read:  - Raw: 00053.1444 - Pre: 58.1442 ,10.0,0.0,0.1,5.1,3.0,1.4,5.0,4.6,4.1
2026-07-11T08:21:18+0000,zaehlerstand,00058.1453,58.1453,58.1453,-0.056000,0.0028,no error,0.0,0.0,0.0,5.0,8.0,1.3,4.7,4.8,3.1
2026-07-11T08:22:22+0000,zaehlerstand,00858.1444,,58.1453,,0.0000,Rate too high - Read: 858.1444 - Pre: 58.1453 - Rate: 799.9991,0.0,0.1,7.9,5.0,8.0,1.2,4.5,4.8,4.5
2026-07-11T08:24:31+0000,zaehlerstand,00058.1443,,58.14530,,0.0000,Neg. Rate - Read:  - Raw: 00058.1443 - Pre: 58.1453 ,10.0,0.0,0.0,5.1,8.0,1.3,4.5,4.6,3.4
2026-07-11T08:25:02+0000,zaehlerstand,00058.1453,58.1453,58.1453,0.000000,0.0000,no error,10.0,0.1,0.2,5.1,8.0,1.4,4.8,4.9,3.2
2026-07-11T08:25:56+0000,zaehlerstand,00058.1453,58.1453,58.1453,0.000000,0.0000,no error,10.0,0.0,0.0,5.1,8.0,1.2,4.9,4.7,3.7
2026-07-11T08:26:42+0000,zaehlerstand,00058.1453,58.1453,58.1453,0.000000,0.0000,no error,0.0,10.0,0.1,5.1,8.0,1.2,4.6,4.8,3.7
2026-07-11T08:31:42+0000,zaehlerstand,00058.1544,58.1544,58.1544,0.001820,0.0091,no error,0.0,0.0,0.1,5.0,8.0,1.3,5.2,4.6,4.6
2026-07-11T08:36:42+0000,zaehlerstand,00058.1444,,58.1544,,0.0000,Neg. Rate - Read:  - Raw: 00058.1444 - Pre: 58.1544 ,0.0,0.0,0.0,5.0,8.0,1.2,5.0,4.6,4.5
2026-07-11T08:38:55+0000,zaehlerstand,00058.2403,,58.142500,,0.0000,Rate too high - Read: 58.2403 - Pre: 58.1425 - Rate: 0.0978,0.0,0.0,0.1,5.0,8.0,2.2,4.6,0.5,3.3
2026-07-11T08:41:22+0000,zaehlerstand,00858.0543,,58.142500,,0.0000,Rate too high - Read: 858.0543 - Pre: 58.1425 - Rate: 799.9118,0.0,0.0,7.9,5.1,8.0,0.9,5.3,4.5,3.4
2026-07-11T08:43:04+0000,zaehlerstand,00058.1525,58.1525,58.1525,0.005941,0.0100,no error,0.0,0.0,0.1,5.1,7.9,1.3,5.7,2.9,5.9
2026-07-11T08:43:58+0000,zaehlerstand,00058.1585,58.1585,58.1585,0.006667,0.0060,no error,0.0,0.0,0.1,5.1,8.0,1.3,5.5,8.1,5.9
2026-07-11T08:46:28+0000,zaehlerstand,00058.0583,,58.15850,,0.0000,Neg. Rate - Read:  - Raw: 00058.0583 - Pre: 58.1585 ,0.0,0.1,0.1,5.1,8.0,0.8,5.9,8.3,3.4
2026-07-11T08:51:28+0000,zaehlerstand,00058.0595,,58.15850,,0.0000,Neg. Rate - Read:  - Raw: 00058.0595 - Pre: 58.1585 ,0.1,0.0,0.1,5.0,8.0,0.9,5.9,9.1,5.7
2026-07-11T08:56:28+0000,zaehlerstand,00058.0575,,58.15850,,0.0000,Neg. Rate - Read:  - Raw: 00058.0575 - Pre: 58.1585 ,0.0,10.0,0.1,5.0,7.9,0.8,6.0,7.9,5.9
2026-07-11T09:01:28+0000,zaehlerstand,00058.1606,58.1606,58.1606,0.000120,0.0021,no error,0.0,0.0,0.2,5.0,8.0,1.1,6.0,0.6,6.1
2026-07-11T09:06:28+0000,zaehlerstand,00858.1626,,58.1606,,0.0000,Rate too high - Read: 858.1626 - Pre: 58.1606 - Rate: 800.0020,0.0,0.0,7.7,5.0,8.0,1.3,6.0,2.2,6.2
2026-07-11T09:11:28+0000,zaehlerstand,00058.1586,,58.1606,,0.0000,Neg. Rate - Read:  - Raw: 00058.1586 - Pre: 58.1606 ,0.0,0.0,0.3,5.0,8.0,1.0,6.0,8.4,6.3
2026-07-11T09:16:28+0000,zaehlerstand,00058.1586,,58.1606,,0.0000,Neg. Rate - Read:  - Raw: 00058.1586 - Pre: 58.1606 ,0.0,0.0,0.3,5.0,8.0,1.1,6.0,8.8,6.2
2026-07-11T09:21:28+0000,zaehlerstand,00058.1586,,58.1606,,0.0000,Neg. Rate - Read:  - Raw: 00058.1586 - Pre: 58.1606 ,10.0,0.0,0.1,5.0,8.0,1.4,5.9,8.7,6.4
2026-07-11T09:26:28+0000,zaehlerstand,00058.0576,,58.1606,,0.0000,Neg. Rate - Read:  - Raw: 00058.0576 - Pre: 58.1606 ,0.0,10.0,0.4,5.0,8.0,0.8,6.0,8.0,6.4
2026-07-11T09:31:28+0000,zaehlerstand,00058.1616,58.1616,58.1616,0.000033,0.0010,no error,0.0,0.0,0.1,5.0,8.0,1.0,6.0,2.0,6.4
2026-07-11T09:34:21+0000,zaehlerstand,00058.3106,,58.16160,,0.0000,Rate too high - Read: 58.3106 - Pre: 58.1616 - Rate: 0.1490,0.0,0.0,0.1,5.1,8.0,3.6,1.2,0.3,6.3
2026-07-11T09:38:25+0000,zaehlerstand,00058.1586,,58.16160,,0.0000,Neg. Rate - Read:  - Raw: 00058.1586 - Pre: 58.1616 ,0.0,0.0,0.1,5.1,8.0,1.3,6.0,8.5,6.4
2026-07-11T09:43:25+0000,zaehlerstand,00058.1596,,58.16160,,0.0000,Neg. Rate - Read:  - Raw: 00058.1596 - Pre: 58.1616 ,0.0,0.0,0.0,5.1,8.0,1.6,6.0,9.1,6.0
2026-07-11T09:48:25+0000,zaehlerstand,00058.1595,,58.16160,,0.0000,Neg. Rate - Read:  - Raw: 00058.1595 - Pre: 58.1616 ,0.0,0.0,0.2,5.1,8.0,1.7,6.0,9.0,6.0
2026-07-11T09:53:25+0000,zaehlerstand,00058.1595,,58.16160,,0.0000,Neg. Rate - Read:  - Raw: 00058.1595 - Pre: 58.1616 ,0.0,0.0,0.1,5.1,8.0,1.3,6.0,9.1,6.0
2026-07-11T09:58:25+0000,zaehlerstand,00058.2595,,58.16160,,0.0000,Rate too high - Read: 58.2595 - Pre: 58.1616 - Rate: 0.0979,0.0,0.0,0.1,5.0,8.0,2.3,5.9,9.2,6.0
2026-07-11T10:03:25+0000,zaehlerstand,00858.1596,,58.16160,,0.0000,Rate too high - Read: 858.1596 - Pre: 58.1616 - Rate: 799.9980,10.0,10.0,7.9,5.1,8.0,1.4,6.0,9.2,6.1
2026-07-11T10:08:25+0000,zaehlerstand,00058.1595,,58.16160,,0.0000,Neg. Rate - Read:  - Raw: 00058.1595 - Pre: 58.1616 ,10.0,0.0,0.0,5.1,8.0,1.8,5.9,9.3,5.9
2026-07-11T10:13:25+0000,zaehlerstand,00058.1595,,58.16160,,0.0000,Neg. Rate - Read:  - Raw: 00058.1595 - Pre: 58.1616 ,0.0,0.1,0.3,5.1,8.0,1.4,6.0,9.1,5.9
2026-07-11T10:18:25+0000,zaehlerstand,00058.1596,,58.16160,,0.0000,Neg. Rate - Read:  - Raw: 00058.1596 - Pre: 58.1616 ,0.0,0.0,0.0,5.1,8.0,1.5,5.9,9.2,6.0
2026-07-11T10:23:25+0000,zaehlerstand,00058.1604,,58.16160,,0.0000,Neg. Rate - Read:  - Raw: 00058.1604 - Pre: 58.1616 ,0.0,0.0,0.1,5.0,8.0,1.5,6.0,0.3,4.4
2026-07-11T10:28:25+0000,zaehlerstand,00058.1613,,58.16160,,0.0000,Neg. Rate - Read:  - Raw: 00058.1613 - Pre: 58.1616 ,0.0,0.0,0.1,5.1,8.0,1.5,6.1,1.1,3.9
2026-07-11T10:33:25+0000,zaehlerstand,00858.1618,,58.16160,,0.0000,Rate too high - Read: 858.1618 - Pre: 58.1616 - Rate: 800.0002,0.0,0.0,8.0,5.1,7.9,1.5,6.1,1.6,8.6
2026-07-11T10:38:25+0000,zaehlerstand,00058.1618,58.1616,58.1616,0.000000,0.0000,no error,0.1,10.0,0.3,5.0,8.0,1.4,6.2,1.8,8.5
2026-07-11T10:43:25+0000,zaehlerstand,00058.1619,58.1619,58.1619,0.000060,0.0003,no error,0.0,0.0,0.1,5.0,8.0,1.2,6.2,1.7,9.0
2026-07-11T10:48:25+0000,zaehlerstand,00058.1619,58.1619,58.1619,0.000000,0.0000,no error,0.0,0.0,0.0,5.1,8.0,1.4,6.1,1.7,9.1
2026-07-11T10:53:25+0000,zaehlerstand,00058.1619,58.1619,58.1619,0.000000,0.0000,no error,0.0,0.0,0.1,5.1,8.0,1.5,6.2,1.7,9.3
2026-07-11T10:58:25+0000,zaehlerstand,00058.1619,58.1619,58.1619,0.000000,0.0000,no error,0.0,0.0,0.0,5.1,8.0,1.4,6.1,1.7,9.3
2026-07-11T11:03:25+0000,zaehlerstand,00058.1619,58.1619,58.1619,0.000000,0.0000,no error,0.0,0.0,0.1,5.0,8.0,1.3,6.2,1.6,9.4
2026-07-11T11:08:25+0000,zaehlerstand,00058.1619,58.1619,58.1619,0.000000,0.0000,no error,0.0,0.0,0.1,5.1,8.0,1.6,6.2,1.7,9.9
2026-07-11T11:12:20+0000,zaehlerstand,00058.1619,58.1619,58.1619,0.000000,0.0000,no error,0.0,0.0,0.1,5.1,8.0,1.3,6.2,1.7,9.9
2026-07-11T11:17:20+0000,zaehlerstand,00058.1619,58.1619,58.1619,0.000000,0.0000,no error,0.0,0.0,0.1,5.0,8.0,1.5,6.2,1.6,9.1
2026-07-11T11:22:20+0000,zaehlerstand,00058.1618,58.1619,58.1619,0.000000,0.0000,no error,0.0,0.0,0.2,5.1,8.0,1.6,6.2,1.6,8.8
2026-07-11T11:27:20+0000,zaehlerstand,00058.2618,,58.1619,,0.0000,Rate too high - Read: 58.2618 - Pre: 58.1619 - Rate: 0.0999,0.1,0.0,0.1,5.1,8.0,2.1,6.2,1.6,8.7
2026-07-11T11:32:20+0000,zaehlerstand,00058.1646,58.1646,58.1646,0.000270,0.0027,no error,0.0,0.0,0.1,5.0,8.0,1.6,6.4,4.4,6.9
2026-07-11T11:37:20+0000,zaehlerstand,00058.1646,58.1646,58.1646,0.000000,0.0000,no error,0.0,0.0,0.0,5.0,8.0,1.6,6.3,4.3,6.4
2026-07-11T11:42:20+0000,zaehlerstand,00058.1646,58.1646,58.1646,0.000000,0.0000,no error,0.0,0.0,0.1,5.0,8.0,1.4,6.4,4.4,6.7
2026-07-11T11:47:20+0000,zaehlerstand,00058.1656,58.1656,58.1656,0.000200,0.0010,no error,0.0,0.0,0.1,5.1,8.0,2.0,6.4,5.6,6.2
2026-07-11T11:52:20+0000,zaehlerstand,00058.2656,,58.1656,,0.0000,Rate too high - Read: 58.2656 - Pre: 58.1656 - Rate: 0.1000,0.0,10.0,0.1,5.0,8.0,2.9,6.4,5.5,6.1
2026-07-11T11:57:20+0000,zaehlerstand,00058.1660,58.1660,58.1660,0.000040,0.0004,no error,0.0,10.0,0.0,5.0,8.0,1.7,6.4,6.2,0.5
2026-07-11T12:02:20+0000,zaehlerstand,00058.1670,58.1670,58.1670,0.000200,0.0010,no error,10.0,0.0,0.0,5.0,8.0,1.6,6.5,6.8,0.4
2026-07-11T12:07:20+0000,zaehlerstand,00058.1670,58.1670,58.1670,0.000000,0.0000,no error,0.0,0.0,0.1,5.0,7.9,1.8,6.5,6.8,0.1
2026-07-11T12:12:20+0000,zaehlerstand,00058.1676,58.1676,58.1676,0.000120,0.0006,no error,0.0,0.0,0.2,5.0,8.0,1.6,6.5,7.7,6.0
2026-07-11T12:17:20+0000,zaehlerstand,00058.1676,58.1676,58.1676,0.000000,0.0000,no error,0.0,0.1,0.2,5.0,7.9,1.6,6.6,7.6,6.0
2026-07-11T12:22:20+0000,zaehlerstand,00358.1743,,58.1676,,0.0000,Rate too high - Read: 358.1743 - Pre: 58.1676 - Rate: 300.0067,0.0,10.0,3.5,5.0,8.0,1.6,7.3,4.1,3.5
2026-07-11T12:27:20+0000,zaehlerstand,00058.1749,58.1749,58.1749,0.000730,0.0073,no error,0.0,10.0,0.1,5.0,8.0,1.7,7.3,4.6,10.0
2026-07-11T12:32:20+0000,zaehlerstand,00058.1750,58.1749,58.1749,0.000000,0.0000,no error,0.0,0.0,0.0,5.1,8.0,1.7,7.3,4.9,0.3
2026-07-11T12:37:20+0000,zaehlerstand,00058.1750,58.1749,58.1749,0.000000,0.0000,no error,0.0,0.0,0.1,5.0,8.0,1.7,7.3,4.9,0.7
2026-07-11T12:42:20+0000,zaehlerstand,00058.1755,58.1755,58.1755,0.000120,0.0006,no error,10.0,10.0,0.1,5.1,8.0,1.6,7.3,5.1,5.0
2026-07-11T12:47:20+0000,zaehlerstand,00058.1755,58.1755,58.1755,0.000000,0.0000,no error,0.0,0.0,0.1,5.0,8.0,1.7,7.4,5.6,5.7
2026-07-11T12:52:20+0000,zaehlerstand,00058.1755,58.1755,58.1755,0.000000,0.0000,no error,0.0,10.0,0.1,5.0,8.0,1.9,7.3,5.6,5.6
2026-07-11T12:57:20+0000,zaehlerstand,00058.1759,58.1759,58.1759,0.000080,0.0004,no error,0.0,10.0,0.1,5.1,7.8,1.5,7.3,6.1,9.5
2026-07-11T13:02:20+0000,zaehlerstand,00058.1759,58.1759,58.1759,0.000000,0.0000,no error,10.0,0.0,0.1,5.1,8.0,1.6,7.3,6.0,9.5
2026-07-11T13:07:20+0000,zaehlerstand,00058.1759,58.1759,58.1759,0.000000,0.0000,no error,0.1,0.0,0.1,5.1,8.0,1.9,7.5,6.0,9.3
2026-07-11T13:12:20+0000,zaehlerstand,00058.1759,58.1759,58.1759,0.000000,0.0000,no error,0.0,0.0,0.1,5.1,8.0,1.6,7.7,6.1,9.8
2026-07-11T13:17:20+0000,zaehlerstand,00058.1763,58.1763,58.1763,0.000080,0.0004,no error,0.0,10.0,0.1,5.0,8.0,1.7,7.5,6.3,3.4
2026-07-11T13:22:20+0000,zaehlerstand,00058.1763,58.1763,58.1763,0.000000,0.0000,no error,0.1,0.0,0.0,5.1,8.0,1.8,7.5,6.3,3.9
2026-07-11T13:27:20+0000,zaehlerstand,00058.1763,58.1763,58.1763,0.000000,0.0000,no error,0.0,0.0,0.1,5.0,8.0,1.6,7.6,6.3,3.3
2026-07-11T13:32:20+0000,zaehlerstand,00058.1788,58.1788,58.1788,0.000500,0.0025,no error,0.0,10.0,0.3,5.0,8.0,1.9,7.9,9.1,9.0
2026-07-11T13:37:20+0000,zaehlerstand,00058.1789,58.1788,58.1788,0.000000,0.0000,no error,0.0,0.0,0.1,5.1,8.0,2.2,7.8,8.8,9.0
2026-07-11T13:42:20+0000,zaehlerstand,00058.1789,58.1788,58.1788,0.000000,0.0000,no error,0.0,0.0,0.1,5.0,8.0,2.3,7.8,8.5,9.1
2026-07-11T13:47:20+0000,zaehlerstand,00058.1789,58.1788,58.1788,0.000000,0.0000,no error,0.0,0.0,0.1,5.0,8.0,1.7,8.0,8.8,9.1
2026-07-11T13:52:20+0000,zaehlerstand,00058.1789,58.1788,58.1788,0.000000,0.0000,no error,0.0,0.0,0.1,5.1,8.0,1.5,7.7,8.8,9.2
2026-07-11T13:57:20+0000,zaehlerstand,00058.1798,58.1798,58.1798,0.000200,0.0010,no error,0.0,0.0,0.1,5.1,8.0,1.9,7.8,9.3,9.0
2026-07-11T14:02:20+0000,zaehlerstand,00058.2808,,58.1798,,0.0000,Rate too high - Read: 58.2808 - Pre: 58.1798 - Rate: 0.1010,0.0,0.0,0.1,5.0,8.0,3.2,8.0,0.9,8.6
2026-07-11T14:07:20+0000,zaehlerstand,00058.1808,58.1808,58.1808,0.000100,0.0010,no error,0.0,10.0,0.1,5.0,8.0,1.7,8.0,0.8,8.7
2026-07-11T14:12:20+0000,zaehlerstand,00658.1808,,58.1808,,0.0000,Rate too high - Read: 658.1808 - Pre: 58.1808 - Rate: 600.0000,0.0,0.0,6.0,5.1,8.0,1.6,8.1,0.7,8.7
2026-07-11T14:17:20+0000,zaehlerstand,00058.2818,,58.1808,,0.0000,Rate too high - Read: 58.2818 - Pre: 58.1808 - Rate: 0.1010,0.0,0.0,0.0,5.0,8.0,2.5,8.1,1.5,8.3
2026-07-11T14:22:20+0000,zaehlerstand,00058.1818,58.1818,58.1818,0.000067,0.0010,no error,0.0,0.0,0.1,5.0,8.0,2.0,8.2,1.5,8.1
2026-07-11T14:27:20+0000,zaehlerstand,00058.1817,58.1818,58.1818,0.000000,0.0000,no error,10.0,0.0,0.2,5.1,8.0,1.5,7.9,1.6,7.9
2026-07-11T14:32:20+0000,zaehlerstand,00058.1818,58.1818,58.1818,0.000000,0.0000,no error,0.0,0.0,0.1,5.1,8.0,1.8,8.0,1.6,8.1
2026-07-11T14:37:20+0000,zaehlerstand,00058.1818,58.1818,58.1818,0.000000,0.0000,no error,0.0,10.0,0.0,5.1,8.0,1.9,8.1,1.6,8.7
2026-07-11T14:42:20+0000,zaehlerstand,00058.1818,58.1818,58.1818,0.000000,0.0000,no error,0.0,0.0,0.2,5.1,7.9,2.2,8.3,1.5,8.7
2026-07-11T14:47:20+0000,zaehlerstand,00058.1818,58.1818,58.1818,0.000000,0.0000,no error,0.0,0.0,0.1,5.1,8.0,1.8,8.0,1.6,8.7
2026-07-11T14:52:20+0000,zaehlerstand,00058.1818,58.1818,58.1818,0.000000,0.0000,no error,0.0,0.0,0.1,5.0,7.9,2.2,8.2,1.6,8.6
2026-07-11T14:57:20+0000,zaehlerstand,00058.1818,58.1818,58.1818,0.000000,0.0000,no error,0.0,10.0,0.2,5.1,8.0,1.8,8.1,1.6,8.5
2026-07-11T15:02:20+0000,zaehlerstand,00058.2818,,58.1818,,0.0000,Rate too high - Read: 58.2818 - Pre: 58.1818 - Rate: 0.1000,0.0,0.1,0.1,5.0,8.0,2.6,8.2,1.6,8.7
2026-07-11T15:07:20+0000,zaehlerstand,00058.1818,58.1818,58.1818,0.000000,0.0000,no error,10.0,0.0,0.0,5.0,8.0,1.7,8.0,1.6,8.7
2026-07-11T15:12:20+0000,zaehlerstand,00058.1818,58.1818,58.1818,0.000000,0.0000,no error,0.0,10.0,0.2,5.1,8.0,1.7,7.9,1.6,8.7
2026-07-11T15:17:20+0000,zaehlerstand,00858.1818,,58.1818,,0.0000,Rate too high - Read: 858.1818 - Pre: 58.1818 - Rate: 800.0000,0.0,0.0,7.9,5.1,8.0,1.6,8.1,1.6,8.6
2026-07-11T15:22:20+0000,zaehlerstand,00058.1818,58.1818,58.1818,0.000000,0.0000,no error,10.0,10.0,0.1,5.1,8.0,1.9,7.9,1.7,8.6
2026-07-11T15:27:20+0000,zaehlerstand,00058.1818,58.1818,58.1818,0.000000,0.0000,no error,0.0,0.0,0.3,5.1,8.0,1.3,8.1,1.5,8.7
2026-07-11T15:32:20+0000,zaehlerstand,00058.2818,,58.1818,,0.0000,Rate too high - Read: 58.2818 - Pre: 58.1818 - Rate: 0.1000,0.0,0.0,0.1,5.0,8.0,2.5,7.8,1.6,8.6
2026-07-11T15:37:20+0000,zaehlerstand,00058.1818,58.1818,58.1818,0.000000,0.0000,no error,0.0,0.0,0.1,5.1,8.0,1.9,8.0,1.7,8.6
2026-07-11T15:42:20+0000,zaehlerstand,00058.1818,58.1818,58.1818,0.000000,0.0000,no error,10.0,0.0,0.1,5.0,8.0,1.9,8.2,1.5,8.6
2026-07-11T15:47:20+0000,zaehlerstand,00058.0818,,58.1818,,0.0000,Neg. Rate - Read:  - Raw: 00058.0818 - Pre: 58.1818 ,0.0,10.0,0.1,5.0,8.0,1.2,8.2,1.6,8.7
2026-07-11T15:52:20+0000,zaehlerstand,00058.1818,58.1818,58.1818,0.000000,0.0000,no error,10.0,0.0,0.1,5.0,8.0,1.8,8.2,1.7,8.6
2026-07-11T15:57:20+0000,zaehlerstand,00058.1818,58.1818,58.1818,0.000000,0.0000,no error,0.0,0.0,0.3,5.0,7.9,1.6,8.0,1.5,8.6
2026-07-11T16:02:20+0000,zaehlerstand,00058.1818,58.1818,58.1818,0.000000,0.0000,no error,0.0,10.0,0.1,5.1,8.0,1.9,8.3,1.7,8.7
2026-07-11T16:07:20+0000,zaehlerstand,00058.1818,58.1818,58.1818,0.000000,0.0000,no error,0.0,0.0,0.2,5.0,8.0,1.6,8.1,1.6,8.7
2026-07-11T16:12:20+0000,zaehlerstand,00058.1818,58.1818,58.1818,0.000000,0.0000,no error,0.0,10.0,0.1,5.1,8.0,1.9,8.2,1.6,8.6
2026-07-11T16:17:20+0000,zaehlerstand,00058.1818,58.1818,58.1818,0.000000,0.0000,no error,0.0,0.0,0.1,5.0,8.0,1.8,8.2,1.7,8.7
2026-07-11T16:22:20+0000,zaehlerstand,00058.1818,58.1818,58.1818,0.000000,0.0000,no error,0.0,10.0,0.0,5.0,7.9,2.1,8.0,1.6,8.7
2026-07-11T16:27:20+0000,zaehlerstand,00058.2818,,58.1818,,0.0000,Rate too high - Read: 58.2818 - Pre: 58.1818 - Rate: 0.1000,0.0,0.0,0.1,5.1,8.0,2.4,8.0,1.5,8.8
2026-07-11T16:32:20+0000,zaehlerstand,00058.2887,,58.1818,,0.0000,Rate too high - Read: 58.2887 - Pre: 58.1818 - Rate: 0.1069,0.0,10.0,0.2,5.0,8.0,2.4,8.8,8.7,7.3
2026-07-11T16:37:20+0000,zaehlerstand,00058.1887,58.1887,58.1887,0.000460,0.0069,no error,0.0,0.1,0.1,5.1,8.0,2.0,8.8,8.7,7.3
2026-07-11T16:42:20+0000,zaehlerstand,00058.1903,58.1903,58.1903,0.000320,0.0016,no error,0.0,0.1,0.1,5.1,8.0,2.0,8.9,0.2,3.5
2026-07-11T16:47:20+0000,zaehlerstand,00058.1920,58.1920,58.1920,0.000340,0.0017,no error,0.0,0.0,0.1,5.1,8.0,2.1,9.0,1.8,0.9
2026-07-11T16:52:20+0000,zaehlerstand,00058.1969,58.1969,58.1969,0.000980,0.0049,no error,0.0,0.0,0.1,5.1,8.0,1.9,9.7,6.8,10.0
2026-07-11T16:57:20+0000,zaehlerstand,00058.1987,58.1987,58.1987,0.000360,0.0018,no error,0.0,0.0,0.1,5.1,8.0,2.0,9.4,8.6,7.6
2026-07-11T17:02:20+0000,zaehlerstand,00058.1988,58.1987,58.1987,0.000000,0.0000,no error,0.0,0.0,0.2,5.1,8.0,1.9,9.6,9.2,8.5
2026-07-11T17:07:20+0000,zaehlerstand,00058.2018,58.2018,58.2018,0.000620,0.0031,no error,10.0,10.0,0.1,5.1,8.0,2.1,9.8,1.5,8.3
2026-07-11T17:12:20+0000,zaehlerstand,00058.2018,58.2018,58.2018,0.000000,0.0000,no error,0.0,0.0,0.4,5.1,8.0,2.2,0.1,1.6,8.3
2026-07-11T17:17:20+0000,zaehlerstand,00058.1963,,58.2018,,0.0000,Neg. Rate - Read:  - Raw: 00058.1963 - Pre: 58.2018 ,10.0,0.1,0.1,5.1,8.0,2.0,9.9,6.3,3.5
2026-07-11T17:22:20+0000,zaehlerstand,00058.2966,,58.2018,,0.0000,Rate too high - Read: 58.2966 - Pre: 58.2018 - Rate: 0.0948,0.0,10.0,0.0,5.0,7.9,3.2,9.3,6.4,6.1
2026-07-11T17:27:20+0000,zaehlerstand,00058.1966,,58.2018,,0.0000,Neg. Rate - Read:  - Raw: 00058.1966 - Pre: 58.2018 ,0.0,0.0,0.1,5.1,8.0,1.9,9.8,6.4,6.1
2026-07-11T17:32:20+0000,zaehlerstand,00058.1966,,58.2018,,0.0000,Neg. Rate - Read:  - Raw: 00058.1966 - Pre: 58.2018 ,0.0,0.0,0.0,5.1,8.0,1.9,10.0,6.5,6.1
2026-07-11T17:37:20+0000,zaehlerstand,00058.2966,,58.2018,,0.0000,Rate too high - Read: 58.2966 - Pre: 58.2018 - Rate: 0.0948,0.0,0.0,0.1,5.0,8.0,2.5,9.4,6.4,6.1
2026-07-11T17:42:20+0000,zaehlerstand,00058.1966,,58.2018,,0.0000,Neg. Rate - Read:  - Raw: 00058.1966 - Pre: 58.2018 ,10.0,0.0,0.1,5.0,8.0,2.3,9.9,6.4,6.1
2026-07-11T17:47:20+0000,zaehlerstand,00058.1966,,58.2018,,0.0000,Neg. Rate - Read:  - Raw: 00058.1966 - Pre: 58.2018 ,0.0,0.0,0.1,5.1,8.0,2.1,9.5,6.5,6.1
2026-07-11T17:52:20+0000,zaehlerstand,00058.2104,58.2104,58.2104,0.000215,0.0086,no error,10.0,0.0,0.1,5.1,7.9,2.2,0.8,0.3,4.6
2026-07-11T17:57:20+0000,zaehlerstand,00058.2158,58.2158,58.2158,0.001080,0.0054,no error,0.0,0.0,0.1,5.1,8.0,2.2,1.4,5.9,8.9
2026-07-11T18:02:20+0000,zaehlerstand,00058.1987,,58.2158,,0.0000,Neg. Rate - Read:  - Raw: 00058.1987 - Pre: 58.2158 ,0.0,10.0,0.2,5.1,7.9,2.2,9.5,8.4,7.7
2026-07-11T18:07:20+0000,zaehlerstand,00058.2184,58.2184,58.2184,0.000260,0.0026,no error,0.0,0.0,0.1,5.1,8.0,2.5,1.5,8.5,4.0
2026-07-11T18:12:20+0000,zaehlerstand,00058.2200,58.2200,58.2200,0.000320,0.0016,no error,0.0,0.1,0.1,5.0,8.0,2.6,1.7,9.7,0.9
2026-07-11T18:17:20+0000,zaehlerstand,00058.2190,,58.2200,,0.0000,Neg. Rate - Read:  - Raw: 00058.2190 - Pre: 58.2200 ,0.0,0.1,0.1,5.1,8.0,2.5,1.9,9.4,0.6
2026-07-11T18:22:21+0000,zaehlerstand,00058.2190,,58.2200,,0.0000,Neg. Rate - Read:  - Raw: 00058.2190 - Pre: 58.2200 ,0.0,0.0,0.0,5.1,8.0,2.3,1.7,9.2,0.8
2026-07-11T18:27:20+0000,zaehlerstand,00058.3890,,58.2200,,0.0000,Rate too high - Read: 58.3890 - Pre: 58.2200 - Rate: 0.1690,0.0,0.0,10.0,5.1,8.0,4.1,8.9,9.4,0.1
2026-07-11T18:32:21+0000,zaehlerstand,00058.3928,,58.2200,,0.0000,Rate too high - Read: 58.3928 - Pre: 58.2200 - Rate: 0.1728,0.0,0.0,0.0,5.1,8.0,3.7,9.1,2.7,8.8
2026-07-11T18:37:21+0000,zaehlerstand,00058.3975,,58.2200,,0.0000,Rate too high - Read: 58.3975 - Pre: 58.2200 - Rate: 0.1775,0.1,0.0,0.0,5.1,8.0,3.8,0.1,7.4,5.2
2026-07-11T18:42:21+0000,zaehlerstand,00058.3075,,58.2200,,0.0000,Rate too high - Read: 58.3075 - Pre: 58.2200 - Rate: 0.0875,0.0,10.0,0.1,5.1,8.0,3.4,0.4,7.6,5.1
2026-07-11T18:47:21+0000,zaehlerstand,00058.4975,,58.2200,,0.0000,Rate too high - Read: 58.4975 - Pre: 58.2200 - Rate: 0.2775,0.0,0.0,0.2,5.0,8.0,4.3,0.2,7.4,5.4
2026-07-11T18:52:21+0000,zaehlerstand,00058.4075,,58.2200,,0.0000,Rate too high - Read: 58.4075 - Pre: 58.2200 - Rate: 0.1875,10.0,0.0,0.0,5.1,8.0,4.3,0.4,7.2,5.0
2026-07-11T18:57:21+0000,zaehlerstand,00058.3906,,58.2200,,0.0000,Rate too high - Read: 58.3906 - Pre: 58.2200 - Rate: 0.1706,0.0,0.0,0.1,5.1,8.0,4.2,9.4,0.5,6.2
2026-07-11T19:02:21+0000,zaehlerstand,00058.4006,,58.2200,,0.0000,Rate too high - Read: 58.4006 - Pre: 58.2200 - Rate: 0.1806,0.0,0.0,0.1,5.1,8.0,4.2,0.5,0.5,6.1
2026-07-11T19:07:21+0000,zaehlerstand,00058.4006,,58.2200,,0.0000,Rate too high - Read: 58.4006 - Pre: 58.2200 - Rate: 0.1806,0.0,10.0,0.1,5.1,8.0,4.1,0.6,0.3,6.3
2026-07-11T19:12:21+0000,zaehlerstand,00058.4006,,58.2200,,0.0000,Rate too high - Read: 58.4006 - Pre: 58.2200 - Rate: 0.1806,0.0,0.1,0.0,5.1,8.0,4.0,0.1,0.4,6.5
2026-07-11T19:17:21+0000,zaehlerstand,00058.5106,,58.2200,,0.0000,Rate too high - Read: 58.5106 - Pre: 58.2200 - Rate: 0.2906,10.0,0.0,0.1,5.1,8.0,4.9,0.9,0.6,6.4
2026-07-11T19:22:21+0000,zaehlerstand,00058.4364,,58.2200,,0.0000,Rate too high - Read: 58.4364 - Pre: 58.2200 - Rate: 0.2164,10.0,0.1,0.0,5.1,8.0,4.2,3.6,6.3,4.8
2026-07-11T19:27:21+0000,zaehlerstand,00058.2666,58.2666,58.2666,0.000621,0.0466,no error,10.0,0.1,0.0,5.1,8.0,2.2,6.4,6.5,6.7
2026-07-11T19:32:21+0000,zaehlerstand,00058.4666,,58.2666,,0.0000,Rate too high - Read: 58.4666 - Pre: 58.2666 - Rate: 0.2000,10.0,0.0,0.1,5.1,8.0,4.3,6.5,6.4,6.7
2026-07-11T19:37:21+0000,zaehlerstand,00058.4666,,58.2666,,0.0000,Rate too high - Read: 58.4666 - Pre: 58.2666 - Rate: 0.2000,10.0,0.0,0.0,5.1,8.0,4.6,6.4,6.5,6.6
2026-07-11T19:42:21+0000,zaehlerstand,00058.4666,,58.2666,,0.0000,Rate too high - Read: 58.4666 - Pre: 58.2666 - Rate: 0.2000,10.0,0.0,0.0,5.1,8.1,4.6,6.5,6.4,6.7
2026-07-11T19:47:21+0000,zaehlerstand,00058.4905,,58.2666,,0.0000,Rate too high - Read: 58.4905 - Pre: 58.2666 - Rate: 0.2239,10.0,0.0,0.0,5.1,8.0,4.8,9.4,0.2,5.9
2026-07-11T19:52:21+0000,zaehlerstand,00058.5124,,58.2666,,0.0000,Rate too high - Read: 58.5124 - Pre: 58.2666 - Rate: 0.2458,10.0,0.0,0.0,5.1,8.0,4.9,1.1,2.4,4.9
2026-07-11T19:57:21+0000,zaehlerstand,00058.5125,,58.2666,,0.0000,Rate too high - Read: 58.5125 - Pre: 58.2666 - Rate: 0.2459,0.0,0.1,0.0,5.1,8.0,4.8,0.8,2.2,5.1
2026-07-11T20:02:21+0000,zaehlerstand,00058.5125,,58.2666,,0.0000,Rate too high - Read: 58.5125 - Pre: 58.2666 - Rate: 0.2459,10.0,0.0,0.0,5.1,8.0,4.9,0.9,2.4,5.6
2026-07-11T20:07:21+0000,zaehlerstand,00058.5473,,58.2666,,0.0000,Rate too high - Read: 58.5473 - Pre: 58.2666 - Rate: 0.2807,10.0,0.3,0.0,5.1,8.0,5.6,4.4,7.2,3.6
2026-07-11T20:12:21+0000,zaehlerstand,00058.5638,,58.2666,,0.0000,Rate too high - Read: 58.5638 - Pre: 58.2666 - Rate: 0.2972,0.0,0.1,0.0,5.1,8.0,5.8,6.3,3.9,8.8
2026-07-11T20:17:21+0000,zaehlerstand,00058.5638,,58.2666,,0.0000,Rate too high - Read: 58.5638 - Pre: 58.2666 - Rate: 0.2972,10.0,0.0,0.0,5.1,8.0,5.9,6.3,3.7,8.8
2026-07-11T20:22:21+0000,zaehlerstand,00058.5638,,58.2666,,0.0000,Rate too high - Read: 58.5638 - Pre: 58.2666 - Rate: 0.2972,0.0,0.0,0.0,5.1,8.0,5.6,6.3,3.8,8.9
2026-07-11T20:27:21+0000,zaehlerstand,00058.5638,,58.2666,,0.0000,Rate too high - Read: 58.5638 - Pre: 58.2666 - Rate: 0.2972,0.0,0.0,0.0,5.1,8.0,5.9,6.4,3.9,8.9
2026-07-11T20:32:21+0000,zaehlerstand,00058.5639,,58.2666,,0.0000,Rate too high - Read: 58.5639 - Pre: 58.2666 - Rate: 0.2973,10.0,0.0,0.2,5.1,8.0,5.7,6.3,3.8,9.2
2026-07-11T20:37:21+0000,zaehlerstand,00058.5707,,58.2666,,0.0000,Rate too high - Read: 58.5707 - Pre: 58.2666 - Rate: 0.3041,0.0,10.0,0.1,5.1,8.0,6.0,7.0,0.7,7.7
2026-07-11T20:42:21+0000,zaehlerstand,00058.5707,,58.2666,,0.0000,Rate too high - Read: 58.5707 - Pre: 58.2666 - Rate: 0.3041,10.0,0.1,0.1,5.1,8.0,6.0,7.0,0.6,7.5
2026-07-11T20:47:21+0000,zaehlerstand,00058.5707,,58.2666,,0.0000,Rate too high - Read: 58.5707 - Pre: 58.2666 - Rate: 0.3041,10.0,0.0,0.1,5.1,8.0,6.0,6.8,0.7,7.7
2026-07-11T20:52:21+0000,zaehlerstand,00058.5707,,58.2666,,0.0000,Rate too high - Read: 58.5707 - Pre: 58.2666 - Rate: 0.3041,0.0,0.0,0.1,5.1,8.0,6.0,6.9,0.7,7.3
2026-07-11T20:57:21+0000,zaehlerstand,00058.5707,,58.2666,,0.0000,Rate too high - Read: 58.5707 - Pre: 58.2666 - Rate: 0.3041,10.0,0.1,0.1,5.1,8.0,5.9,7.0,0.9,7.7
2026-07-11T21:02:21+0000,zaehlerstand,00058.5707,,58.2666,,0.0000,Rate too high - Read: 58.5707 - Pre: 58.2666 - Rate: 0.3041,0.0,0.0,0.1,5.1,8.0,5.9,6.8,0.6,7.7
2026-07-11T21:07:21+0000,zaehlerstand,00058.5707,,58.2666,,0.0000,Rate too high - Read: 58.5707 - Pre: 58.2666 - Rate: 0.3041,0.0,10.0,0.1,5.1,8.0,6.0,7.0,0.6,7.6
2026-07-11T21:12:21+0000,zaehlerstand,00058.5707,,58.2666,,0.0000,Rate too high - Read: 58.5707 - Pre: 58.2666 - Rate: 0.3041,0.0,0.0,0.1,5.1,8.0,6.1,6.7,0.8,7.7
2026-07-11T21:17:21+0000,zaehlerstand,00058.5707,,58.2666,,0.0000,Rate too high - Read: 58.5707 - Pre: 58.2666 - Rate: 0.3041,0.0,0.0,0.0,5.1,8.0,5.9,7.0,0.8,7.7
2026-07-11T21:22:21+0000,zaehlerstand,00058.5707,,58.2666,,0.0000,Rate too high - Read: 58.5707 - Pre: 58.2666 - Rate: 0.3041,0.0,10.0,0.1,5.0,8.0,6.0,6.8,0.7,7.6
2026-07-11T21:27:21+0000,zaehlerstand,00058.5707,,58.2666,,0.0000,Rate too high - Read: 58.5707 - Pre: 58.2666 - Rate: 0.3041,10.0,0.0,0.1,5.1,8.0,6.0,6.8,0.7,7.8
2026-07-11T21:32:21+0000,zaehlerstand,00058.5707,,58.2666,,0.0000,Rate too high - Read: 58.5707 - Pre: 58.2666 - Rate: 0.3041,0.0,0.0,0.2,5.1,8.0,5.9,6.8,0.8,7.7
2026-07-11T21:37:21+0000,zaehlerstand,00058.5707,,58.2666,,0.0000,Rate too high - Read: 58.5707 - Pre: 58.2666 - Rate: 0.3041,0.0,0.0,0.1,5.1,8.0,5.9,6.9,0.7,7.9
2026-07-11T21:42:21+0000,zaehlerstand,00058.5708,,58.2666,,0.0000,Rate too high - Read: 58.5708 - Pre: 58.2666 - Rate: 0.3042,0.0,0.1,0.1,5.1,8.0,6.0,6.8,0.6,8.0
2026-07-11T21:47:21+0000,zaehlerstand,00058.5707,,58.2666,,0.0000,Rate too high - Read: 58.5707 - Pre: 58.2666 - Rate: 0.3041,0.0,0.0,0.1,5.1,8.0,6.0,7.1,0.8,8.0
2026-07-11T21:52:21+0000,zaehlerstand,00058.5707,,58.2666,,0.0000,Rate too high - Read: 58.5707 - Pre: 58.2666 - Rate: 0.3041,10.0,0.3,0.3,5.1,8.0,5.9,7.1,0.6,7.8
2026-07-11T21:57:21+0000,zaehlerstand,00058.5707,,58.2666,,0.0000,Rate too high - Read: 58.5707 - Pre: 58.2666 - Rate: 0.3041,0.0,10.0,0.1,5.1,8.0,5.9,6.8,0.8,7.9
2026-07-11T22:02:21+0000,zaehlerstand,00058.5729,,58.2666,,0.0000,Rate too high - Read: 58.5729 - Pre: 58.2666 - Rate: 0.3063,0.0,0.0,0.4,5.0,8.0,6.1,7.2,2.7,9.2
2026-07-11T22:07:21+0000,zaehlerstand,00058.5766,,58.2666,,0.0000,Rate too high - Read: 58.5766 - Pre: 58.2666 - Rate: 0.3100,0.0,0.0,0.3,5.1,8.0,6.0,7.8,6.5,6.0
2026-07-11T22:12:21+0000,zaehlerstand,00058.5766,,58.2666,,0.0000,Rate too high - Read: 58.5766 - Pre: 58.2666 - Rate: 0.3100,0.0,0.0,0.1,5.0,8.0,6.1,7.5,6.4,6.0
2026-07-11T22:17:21+0000,zaehlerstand,00058.5765,,58.2666,,0.0000,Rate too high - Read: 58.5765 - Pre: 58.2666 - Rate: 0.3099,0.0,0.1,0.3,5.1,8.0,6.0,7.7,6.5,6.0
2026-07-11T22:22:21+0000,zaehlerstand,00058.5765,,58.2666,,0.0000,Rate too high - Read: 58.5765 - Pre: 58.2666 - Rate: 0.3099,0.0,10.0,0.1,5.0,8.0,6.0,7.6,6.5,6.0
2026-07-11T22:27:21+0000,zaehlerstand,00758.5766,,58.2666,,0.0000,Rate too high - Read: 758.5766 - Pre: 58.2666 - Rate: 700.3100,0.0,0.0,7.6,5.1,8.0,6.0,7.4,6.6,6.0
2026-07-11T22:32:21+0000,zaehlerstand,00058.5766,,58.2666,,0.0000,Rate too high - Read: 58.5766 - Pre: 58.2666 - Rate: 0.3100,0.0,0.1,0.1,5.0,8.0,6.0,7.3,6.5,6.1
